Id	firstName	lastName	Email	Gender	Contact	Country	Dob
1	Karan	Kumar	karan@gmail.com	Male	939300428	India	2-4-01
2	Prince	Kumar	prince@gmail.com	Male	394903032	India	5-2-02
3	Dev	Shree	dev@gmail.com	Male	838392992	India	3-3-03
4	Kumar	Sony	kumar@gmail.com	Female	93939202	India	6-2-98
5	Shiva	Kumar	shiva@gmail.com	Male	393920034	India	4-9-91
6	Karan	Kumar	karan@gmail.com	Male	939300428	India	2-4-01
7	Prince	Kumar	prince@gmail.com	Male	394903032	India	5-2-02
8	Dev	Shree	dev@gmail.com	Male	838392992	India	3-3-03
9	Kumar	Sony	kumar@gmail.com	Female	93939202	India	6-2-98
10	Shiva	Kumar	shiva@gmail.com	Male	393920034	India	4-9-91
11	Karan	Kumar	karan@gmail.com	Male	939300428	India	2-4-01
12	Prince	Kumar	prince@gmail.com	Male	394903032	India	5-2-02
13	Dev	Shree	dev@gmail.com	Male	838392992	India	3-3-03
14	Kumar	Sony	kumar@gmail.com	Female	93939202	India	6-2-98
15	Shiva	Kumar	shiva@gmail.com	Male	393920034	India	4-9-91
16	Karan	Kumar	karan@gmail.com	Male	939300428	India	2-4-01
17	Prince	Kumar	prince@gmail.com	Male	394903032	India	5-2-02
18	Dev	Shree	dev@gmail.com	Male	838392992	India	3-3-03
19	Kumar	Sony	kumar@gmail.com	Female	93939202	India	6-2-98
20	Shiva	Kumar	shiva@gmail.com	Male	393920034	India	4-9-91
21	Karan	Kumar	karan@gmail.com	Male	939300428	India	2-4-01
22	Prince	Kumar	prince@gmail.com	Male	394903032	India	5-2-02
23	Dev	Shree	dev@gmail.com	Male	838392992	India	3-3-03
24	Kumar	Sony	kumar@gmail.com	Female	93939202	India	6-2-98
25	Shiva	Kumar	shiva@gmail.com	Male	393920034	India	4-9-91
26	Karan	Kumar	karan@gmail.com	Male	939300428	India	2-4-01
27	Prince	Kumar	prince@gmail.com	Male	394903032	India	5-2-02
28	Dev	Shree	dev@gmail.com	Male	838392992	India	3-3-03
29	Kumar	Sony	kumar@gmail.com	Female	93939202	India	6-2-98
30	Shiva	Kumar	shiva@gmail.com	Male	393920034	India	4-9-91
31	Karan	Kumar	karan@gmail.com	Male	939300428	India	2-4-01
32	Prince	Kumar	prince@gmail.com	Male	394903032	India	5-2-02
33	Dev	Shree	dev@gmail.com	Male	838392992	India	3-3-03
34	Kumar	Sony	kumar@gmail.com	Female	93939202	India	6-2-98
35	Shiva	Kumar	shiva@gmail.com	Male	393920034	India	4-9-91
36	Karan	Kumar	karan@gmail.com	Male	939300428	India	2-4-01
37	Prince	Kumar	prince@gmail.com	Male	394903032	India	5-2-02
38	Dev	Shree	dev@gmail.com	Male	838392992	India	3-3-03
39	Kumar	Sony	kumar@gmail.com	Female	93939202	India	6-2-98
40	Karan	Kumar	karan@gmail.com	Male	939300428	India	2-4-01
41	Prince	Kumar	prince@gmail.com	Male	394903032	India	5-2-02
42	Dev	Shree	dev@gmail.com	Male	838392992	India	3-3-03
43	Kumar	Sony	kumar@gmail.com	Female	93939202	India	6-2-98
44	Shiva	Kumar	shiva@gmail.com	Male	393920034	India	4-9-91
45	Karan	Kumar	karan@gmail.com	Male	939300428	India	2-4-01
46	Prince	Kumar	prince@gmail.com	Male	394903032	India	5-2-02
47	Dev	Shree	dev@gmail.com	Male	838392992	India	3-3-03
48	Kumar	Sony	kumar@gmail.com	Female	93939202	India	6-2-98
49	Shiva	Kumar	shiva@gmail.com	Male	393920034	India	4-9-91
50	Karan	Kumar	karan@gmail.com	Male	939300428	India	2-4-01
51	Prince	Kumar	prince@gmail.com	Male	394903032	India	5-2-02
52	Dev	Shree	dev@gmail.com	Male	838392992	India	3-3-03
53	Kumar	Sony	kumar@gmail.com	Female	93939202	India	6-2-98
54	Shiva	Kumar	shiva@gmail.com	Male	393920034	India	4-9-91
55	Karan	Kumar	karan@gmail.com	Male	939300428	India	2-4-01
56	Prince	Kumar	prince@gmail.com	Male	394903032	India	5-2-02
57	Dev	Shree	dev@gmail.com	Male	838392992	India	3-3-03
58	Kumar	Sony	kumar@gmail.com	Female	93939202	India	6-2-98
59	Shiva	Kumar	shiva@gmail.com	Male	393920034	India	4-9-91
60	Karan	Kumar	karan@gmail.com	Male	939300428	India	2-4-01
61	Prince	Kumar	prince@gmail.com	Male	394903032	India	5-2-02
62	Dev	Shree	dev@gmail.com	Male	838392992	India	3-3-03
63	Kumar	Sony	kumar@gmail.com	Female	93939202	India	6-2-98
64	Shiva	Kumar	shiva@gmail.com	Male	393920034	India	4-9-91
65	Karan	Kumar	karan@gmail.com	Male	939300428	India	2-4-01
66	Prince	Kumar	prince@gmail.com	Male	394903032	India	5-2-02
67	Dev	Shree	dev@gmail.com	Male	838392992	India	3-3-03
68	Kumar	Sony	kumar@gmail.com	Female	93939202	India	6-2-98
69	Shiva	Kumar	shiva@gmail.com	Male	393920034	India	4-9-91
70	Karan	Kumar	karan@gmail.com	Male	939300428	India	2-4-01
71	Prince	Kumar	prince@gmail.com	Male	394903032	India	5-2-02
72	Dev	Shree	dev@gmail.com	Male	838392992	India	3-3-03
73	Kumar	Sony	kumar@gmail.com	Female	93939202	India	6-2-98
74	Shiva	Kumar	shiva@gmail.com	Male	393920034	India	4-9-91
75	Karan	Kumar	karan@gmail.com	Male	939300428	India	2-4-01
76	Prince	Kumar	prince@gmail.com	Male	394903032	India	5-2-02
77	Dev	Shree	dev@gmail.com	Male	838392992	India	3-3-03
78	Kumar	Sony	kumar@gmail.com	Female	93939202	India	6-2-98
79	Karan	Kumar	karan@gmail.com	Male	939300428	India	2-4-01

